{
  "accuracy": 0.8690476190476191,
  "pred_time_sec": 67.562974,
  "num_test_utts": 924,
  "feature_type": "mfcc",
  "n_components": 16
}