{
  "accuracy": 0.7337662337662337,
  "pred_time_sec": 74.9972461000001,
  "num_test_utts": 924,
  "feature_type": "mfcc_d_dd",
  "n_components": 8
}